﻿<?xml version="1.0" encoding="utf-8"?>
<abapGit version="v1.0.0" serializer="LCL_OBJECT_VIEW" serializer_version="v1.0.0">
 <asx:abap xmlns:asx="http://www.sap.com/abapxml" version="1.0">
  <asx:values>
   <DD25V>
    <VIEWNAME>ZMAINT</VIEWNAME>
    <AS4LOCAL>A</AS4LOCAL>
    <DDLANGUAGE>E</DDLANGUAGE>
    <AGGTYPE>V</AGGTYPE>
    <ROOTTAB>ZSOSRVTL0001_WIZ</ROOTTAB>
    <DDTEXT>ZSOSRVTL0001_WIZ</DDTEXT>
    <VIEWCLASS>C</VIEWCLASS>
    <CUSTOMAUTH>A</CUSTOMAUTH>
    <GLOBALFLAG>X</GLOBALFLAG>
   </DD25V>
   <DD26V_TABLE>
    <DD26V>
     <VIEWNAME>ZMAINT</VIEWNAME>
     <TABNAME>ZSOSRVTL0001_WIZ</TABNAME>
     <TABPOS>0001</TABPOS>
     <FORTABNAME>ZSOSRVTL0001_WIZ</FORTABNAME>
    </DD26V>
   </DD26V_TABLE>
   <DD27P_TABLE>
    <DD27P>
     <VIEWNAME>ZMAINT</VIEWNAME>
     <OBJPOS>0001</OBJPOS>
     <DDLANGUAGE>E</DDLANGUAGE>
     <VIEWFIELD>CODE07</VIEWFIELD>
     <TABNAME>ZSOSRVTL0001_WIZ</TABNAME>
     <FIELDNAME>CODE07</FIELDNAME>
     <KEYFLAG>X</KEYFLAG>
     <ROLLNAME>QCODE</ROLLNAME>
     <ROLLNAMEVI>QCODE</ROLLNAMEVI>
     <LOGFLAG>X</LOGFLAG>
    </DD27P>
    <DD27P>
     <VIEWNAME>ZMAINT</VIEWNAME>
     <OBJPOS>0002</OBJPOS>
     <DDLANGUAGE>E</DDLANGUAGE>
     <VIEWFIELD>QUESTION1</VIEWFIELD>
     <TABNAME>ZSOSRVTL0001_WIZ</TABNAME>
     <FIELDNAME>QUESTION1</FIELDNAME>
     <ROLLNAME>ZCMSRVDE039</ROLLNAME>
     <ROLLNAMEVI>ZCMSRVDE039</ROLLNAMEVI>
    </DD27P>
    <DD27P>
     <VIEWNAME>ZMAINT</VIEWNAME>
     <OBJPOS>0003</OBJPOS>
     <DDLANGUAGE>E</DDLANGUAGE>
     <VIEWFIELD>QUESTION2</VIEWFIELD>
     <TABNAME>ZSOSRVTL0001_WIZ</TABNAME>
     <FIELDNAME>QUESTION2</FIELDNAME>
     <ROLLNAME>ZCMSRVDE044</ROLLNAME>
     <ROLLNAMEVI>ZCMSRVDE044</ROLLNAMEVI>
    </DD27P>
    <DD27P>
     <VIEWNAME>ZMAINT</VIEWNAME>
     <OBJPOS>0004</OBJPOS>
     <DDLANGUAGE>E</DDLANGUAGE>
     <VIEWFIELD>QUESTION3</VIEWFIELD>
     <TABNAME>ZSOSRVTL0001_WIZ</TABNAME>
     <FIELDNAME>QUESTION3</FIELDNAME>
     <ROLLNAME>ZCMSRVDE045</ROLLNAME>
     <ROLLNAMEVI>ZCMSRVDE045</ROLLNAMEVI>
    </DD27P>
    <DD27P>
     <VIEWNAME>ZMAINT</VIEWNAME>
     <OBJPOS>0005</OBJPOS>
     <DDLANGUAGE>E</DDLANGUAGE>
     <VIEWFIELD>QUESTION4</VIEWFIELD>
     <TABNAME>ZSOSRVTL0001_WIZ</TABNAME>
     <FIELDNAME>QUESTION4</FIELDNAME>
     <ROLLNAME>ZCMSRVDE046</ROLLNAME>
     <ROLLNAMEVI>ZCMSRVDE046</ROLLNAMEVI>
    </DD27P>
    <DD27P>
     <VIEWNAME>ZMAINT</VIEWNAME>
     <OBJPOS>0006</OBJPOS>
     <DDLANGUAGE>E</DDLANGUAGE>
     <VIEWFIELD>QUESTION5</VIEWFIELD>
     <TABNAME>ZSOSRVTL0001_WIZ</TABNAME>
     <FIELDNAME>QUESTION5</FIELDNAME>
     <ROLLNAME>ZCMSRVDE047</ROLLNAME>
     <ROLLNAMEVI>ZCMSRVDE047</ROLLNAMEVI>
    </DD27P>
    <DD27P>
     <VIEWNAME>ZMAINT</VIEWNAME>
     <OBJPOS>0007</OBJPOS>
     <DDLANGUAGE>E</DDLANGUAGE>
     <VIEWFIELD>QUESTION6</VIEWFIELD>
     <TABNAME>ZSOSRVTL0001_WIZ</TABNAME>
     <FIELDNAME>QUESTION6</FIELDNAME>
     <ROLLNAME>ZCMSRVDE048</ROLLNAME>
     <ROLLNAMEVI>ZCMSRVDE048</ROLLNAMEVI>
    </DD27P>
    <DD27P>
     <VIEWNAME>ZMAINT</VIEWNAME>
     <OBJPOS>0008</OBJPOS>
     <DDLANGUAGE>E</DDLANGUAGE>
     <VIEWFIELD>APP_MODULE</VIEWFIELD>
     <TABNAME>ZSOSRVTL0001_WIZ</TABNAME>
     <FIELDNAME>APP_MODULE</FIELDNAME>
     <ROLLNAME>CRMT_PROCESS_DESCRIPTION</ROLLNAME>
     <ROLLNAMEVI>CRMT_PROCESS_DESCRIPTION</ROLLNAMEVI>
     <LOGFLAG>X</LOGFLAG>
    </DD27P>
    <DD27P>
     <VIEWNAME>ZMAINT</VIEWNAME>
     <OBJPOS>0009</OBJPOS>
     <DDLANGUAGE>E</DDLANGUAGE>
     <VIEWFIELD>APP_URGENCY</VIEWFIELD>
     <TABNAME>ZSOSRVTL0001_WIZ</TABNAME>
     <FIELDNAME>APP_URGENCY</FIELDNAME>
     <ROLLNAME>CRMT_SRQM_URGENCY</ROLLNAME>
     <ROLLNAMEVI>CRMT_SRQM_URGENCY</ROLLNAMEVI>
     <LOGFLAG>X</LOGFLAG>
    </DD27P>
    <DD27P>
     <VIEWNAME>ZMAINT</VIEWNAME>
     <OBJPOS>0010</OBJPOS>
     <DDLANGUAGE>E</DDLANGUAGE>
     <VIEWFIELD>APP_IMPACT</VIEWFIELD>
     <TABNAME>ZSOSRVTL0001_WIZ</TABNAME>
     <FIELDNAME>APP_IMPACT</FIELDNAME>
     <ROLLNAME>CRMT_SRQM_IMPACT</ROLLNAME>
     <ROLLNAMEVI>CRMT_SRQM_IMPACT</ROLLNAMEVI>
     <LOGFLAG>X</LOGFLAG>
    </DD27P>
    <DD27P>
     <VIEWNAME>ZMAINT</VIEWNAME>
     <OBJPOS>0011</OBJPOS>
     <DDLANGUAGE>E</DDLANGUAGE>
     <VIEWFIELD>ESTIMATED_SLA</VIEWFIELD>
     <TABNAME>ZSOSRVTL0001_WIZ</TABNAME>
     <FIELDNAME>ESTIMATED_SLA</FIELDNAME>
     <ROLLNAME>ZCMSRVDE049</ROLLNAME>
     <ROLLNAMEVI>ZCMSRVDE049</ROLLNAMEVI>
    </DD27P>
    <DD27P>
     <VIEWNAME>ZMAINT</VIEWNAME>
     <OBJPOS>0012</OBJPOS>
     <DDLANGUAGE>E</DDLANGUAGE>
     <VIEWFIELD>APP_3_LEVEL_CAT</VIEWFIELD>
     <TABNAME>ZSOSRVTL0001_WIZ</TABNAME>
     <FIELDNAME>APP_3_LEVEL_CAT</FIELDNAME>
     <ROLLNAME>ZCMSRVDE050</ROLLNAME>
     <ROLLNAMEVI>ZCMSRVDE050</ROLLNAMEVI>
    </DD27P>
    <DD27P>
     <VIEWNAME>ZMAINT</VIEWNAME>
     <OBJPOS>0013</OBJPOS>
     <DDLANGUAGE>E</DDLANGUAGE>
     <VIEWFIELD>ASSIGN_TEAM</VIEWFIELD>
     <TABNAME>ZSOSRVTL0001_WIZ</TABNAME>
     <FIELDNAME>ASSIGN_TEAM</FIELDNAME>
     <ROLLNAME>ZCMSRVDE051</ROLLNAME>
     <ROLLNAMEVI>ZCMSRVDE051</ROLLNAMEVI>
    </DD27P>
    <DD27P>
     <VIEWNAME>ZMAINT</VIEWNAME>
     <OBJPOS>0014</OBJPOS>
     <DDLANGUAGE>E</DDLANGUAGE>
     <VIEWFIELD>PROCESS_TYPE</VIEWFIELD>
     <TABNAME>ZSOSRVTL0001_WIZ</TABNAME>
     <FIELDNAME>PROCESS_TYPE</FIELDNAME>
     <ROLLNAME>CRMT_PROCESS_TYPE</ROLLNAME>
     <ROLLNAMEVI>CRMT_PROCESS_TYPE</ROLLNAMEVI>
     <SHLPORIGIN>D</SHLPORIGIN>
     <SHLPNAME>CRM_PROCESS_TYPE</SHLPNAME>
     <SHLPFIELD>PROCESS_TYPE</SHLPFIELD>
     <LOGFLAG>X</LOGFLAG>
    </DD27P>
    <DD27P>
     <VIEWNAME>ZMAINT</VIEWNAME>
     <OBJPOS>0015</OBJPOS>
     <DDLANGUAGE>E</DDLANGUAGE>
     <VIEWFIELD>INCSRV_CODE</VIEWFIELD>
     <TABNAME>ZSOSRVTL0001_WIZ</TABNAME>
     <FIELDNAME>INCSRV_CODE</FIELDNAME>
    </DD27P>
   </DD27P_TABLE>
  </asx:values>
 </asx:abap>
</abapGit>
